Field_Id,Area,Subregion,y
1,0.915905,3,Vineyard
2,2.06441,3,Pecan
3,1.0803,3,Vineyard
4,1.31619,3,Vineyard
7,5.52922,3,Vineyard
8,1.48271,3,Vineyard
9,4.62284,3,Vineyard
11,1.01882,3,Vineyard
12,1.79607,3,Vineyard
13,1.7569,3,Vineyard
14,1.19272,3,Vacant
15,0.344734,3,"Vineyard & Pecan (""Intercrop"")"
16,1.81556,3,"Vineyard & Pecan (""Intercrop"")"
17,1.59031,3,Cotton
19,2.58801,3,Vineyard
20,2.48277,3,Vineyard
21,0.704917,3,Vineyard
22,3.28571,3,Vineyard
24,2.21751,3,Vineyard
25,0.828373,3,Maize
26,1.20904,3,Grass
27,3.60251,3,Lucern
29,2.83558,3,Grass
30,2.22811,3,"Vineyard & Pecan (""Intercrop"")"
31,0.662677,3,Vineyard
33,4.37185,3,Vineyard
34,3.45035,3,Vineyard
36,3.48715,3,Vineyard
37,2.46684,3,Vineyard
38,1.04563,3,Maize
39,1.97371,3,Maize
40,5.01541,3,Grass
41,3.01826,3,Vacant
42,0.59128,3,Vacant
46,1.19817,3,Vacant
47,1.57893,3,Vacant
49,1.07914,3,Lucern
50,1.78733,3,Lucern
51,0.307578,3,Vineyard
52,1.63154,3,Grass
55,3.06141,3,Vineyard
56,2.40882,3,Vineyard
58,0.266231,3,Vineyard
59,1.5407,3,Vineyard
60,0.442342,3,Vacant
62,1.16673,3,Vacant
64,2.28447,3,Vacant
65,5.82118,3,Cotton
66,1.26915,3,Vineyard
67,1.63835,3,Grass
68,3.41559,3,Grass
71,2.54086,3,Vineyard
73,2.50102,3,Vineyard
74,1.72433,3,Vineyard
75,2.74429,3,Vineyard
76,2.22834,3,Vacant
77,0.947691,3,Vineyard
78,3.73569,3,Maize
81,0.84721,3,Maize
82,0.0859615,3,Vineyard
83,6.14488,3,Maize
84,4.03233,3,Vacant
85,2.4231,3,Vacant
91,4.69615,3,Lucern
93,2.89851,3,Lucern
94,1.11035,3,Lucern
95,5.06143,3,Lucern
96,6.12337,3,Vineyard
97,3.46042,3,Vineyard
98,4.09763,3,Vineyard
102,0.602152,3,Grass
103,0.858839,3,Grass
104,2.22266,3,Lucern
106,1.32961,3,Vacant
107,0.780662,3,Vacant
109,2.5474,3,Vacant
110,2.77178,3,Lucern
111,1.76024,3,Lucern
112,1.53722,3,Lucern
114,0.921307,3,Lucern
116,2.77068,3,Lucern
117,1.41727,3,Lucern
119,1.52322,1,Vineyard
122,4.42851,1,Vineyard
124,2.2541,3,Lucern
127,2.52116,3,Vineyard
128,2.33844,3,Vineyard
129,1.91974,3,Vineyard
130,1.82965,3,Vineyard
131,33.631,1,Maize
134,0.980033,1,Maize
136,2.31693,1,Vacant
137,1.44488,1,Vacant
138,1.79677,1,Grass
139,2.81299,1,Maize
140,0.80126,3,Vacant
141,1.04786,3,Lucern
142,10.9537,1,Maize
143,13.4002,1,Lucern
144,1.52304,1,Vacant
145,0.680039,1,Lucern
146,3.35918,1,Grass
147,4.74555,1,Vacant
148,2.1126,1,Vacant
150,1.07251,3,Vineyard
151,1.93889,3,Vacant
152,3.19673,3,Vineyard
153,2.61301,3,Vineyard
154,0.969188,3,Vineyard
157,0.764251,3,Vineyard
161,0.62499,3,Grass
162,1.46435,3,Lucern
163,0.992604,3,Lucern
164,1.44682,3,Lucern
165,5.64355,3,Lucern
166,1.93826,3,Vineyard
168,2.14625,3,Lucern
170,0.733511,3,Maize
171,4.44167,3,Maize
173,2.16288,1,Grass
174,9.67065,1,Vacant
175,19.9571,1,Vacant
178,1.01703,3,Vineyard
179,0.995694,3,Vineyard
180,1.17482,3,Vineyard
181,0.780338,3,Vineyard
182,0.474643,3,Maize
183,1.2887,3,Cotton
184,3.58962,3,Cotton
185,2.62968,3,Cotton
186,0.988341,3,Grass
189,0.430677,3,Cotton
191,9.00113,1,Vacant
192,3.16883,1,Vacant
193,0.965501,1,Vacant
194,0.650413,1,Vacant
195,2.95346,1,Grass
198,0.477207,3,Vineyard
199,0.48134,3,Vineyard
200,0.519965,3,Vineyard
202,0.76773,3,Maize
205,1.82597,3,Maize
206,1.1565,1,Vacant
208,7.1362,1,Lucern
209,3.45921,1,Vacant
210,3.6762,1,Grass
212,2.00239,1,Lucern
213,3.36728,1,Vacant
216,2.13397,1,Vacant
218,7.79242,1,Lucern
221,1.43307,1,Grass
223,2.36303,1,Grass
224,0.595052,1,Grass
225,2.38347,1,Lucern
226,1.33857,1,Vacant
228,1.25865,1,Vacant
229,1.12309,1,Vacant
230,1.12184,1,Vacant
234,1.90815,3,"Vineyard & Pecan (""Intercrop"")"
235,5.01145,3,Vineyard
236,1.53592,3,Cotton
237,0.167502,3,Cotton
238,2.96694,3,Vineyard
240,1.39947,3,Grass
241,0.481357,3,Vacant
245,3.45767,3,Maize
246,4.2807,3,Vineyard
248,0.240708,3,Cotton
251,0.685537,3,Vacant
252,1.28575,3,Vineyard
253,0.991085,3,Vineyard
255,1.35903,3,Cotton
256,0.632633,3,Cotton
257,0.915699,3,Lucern
258,2.26452,3,Lucern
259,0.480286,3,Lucern
260,3.98983,3,Lucern
262,1.66101,3,Lucern
263,2.88253,3,Lucern
265,3.67544,3,Lucern
266,3.98037,3,Lucern
267,3.31173,3,Lucern
270,7.80238,3,Lucern
271,3.27382,3,Cotton
273,0.332048,3,Cotton
274,2.65591,3,Lucern
275,0.75069,3,Cotton
276,0.587073,3,Cotton
278,0.535625,3,Cotton
279,2.34474,3,Lucern
281,5.02087,3,Lucern
284,3.67036,3,Lucern
287,1.71923,1,Lucern
288,2.15388,1,Vineyard
289,1.89593,1,Vineyard
290,1.36729,1,Vineyard
293,6.40242,3,Lucern
294,1.54029,3,Cotton
295,1.54403,3,Lucern
296,1.77842,3,Vineyard
297,0.332092,3,Vineyard
298,2.53202,3,Vacant
300,0.401645,3,Vineyard
301,3.01452,1,Vacant
302,3.67323,1,Maize
303,2.91267,1,Vineyard
305,0.85425,1,Lucern
307,4.01634,1,Vineyard
308,4.22507,1,Maize
309,0.833334,1,Vineyard
310,3.89939,1,Maize
311,5.18272,1,Maize
312,5.46517,1,Vacant
313,1.10126,3,Lucern
314,1.02789,3,Lucern
315,1.74955,3,Maize
316,2.23758,3,Lucern
317,3.7464,3,Cotton
318,0.834624,3,Vacant
319,0.182791,3,Vacant
321,45.216,1,Vacant
323,1.66496,1,Grass
324,3.23386,1,Maize
326,1.98498,1,Vineyard
327,4.30022,1,Vineyard
328,3.85834,1,Vineyard
330,1.39981,1,Vineyard
331,2.41805,1,Maize
332,2.26944,1,Maize
336,3.16286,3,Lucern
337,2.12029,3,Lucern
339,2.12292,3,Lucern
340,1.11066,3,Vacant
344,0.619798,3,Maize
345,6.2224,3,Lucern
346,1.40964,3,Maize
348,0.377171,3,Maize
350,1.22804,3,Maize
351,1.54007,3,Lucern
352,1.08102,3,Maize
353,0.346771,3,Maize
354,0.610053,3,Maize
355,0.384008,3,Maize
356,2.12364,3,Vacant
357,3.96539,3,Vacant
360,2.89924,3,"Vineyard & Pecan (""Intercrop"")"
361,2.48771,3,Vacant
362,1.25042,3,Grass
364,3.98861,3,Lucern
367,2.16507,3,Vacant
368,1.58005,3,Vacant
370,1.39767,3,"Vineyard & Pecan (""Intercrop"")"
371,0.881854,3,"Vineyard & Pecan (""Intercrop"")"
372,1.08301,3,Vineyard
374,0.942256,3,Vineyard
375,0.864053,3,Vineyard
377,0.281145,3,Vineyard
379,2.47399,3,"Vineyard & Pecan (""Intercrop"")"
380,0.591801,3,"Vineyard & Pecan (""Intercrop"")"
381,0.7705,3,Vineyard
382,1.77293,3,Lucern
383,1.86303,3,Grass
385,1.364,3,Grass
387,1.01172,3,Vineyard
388,2.14418,3,Grass
389,5.64762,3,Lucern
390,2.00878,3,Vineyard
391,3.95455,3,Grass
393,2.45789,3,Lucern
394,1.5867,3,Lucern
395,0.713396,3,Vineyard
396,0.501115,3,Vineyard
398,8.78538,3,Vacant
399,1.54129,3,"Vineyard & Pecan (""Intercrop"")"
400,0.241159,3,Vineyard
401,1.59391,3,"Vineyard & Pecan (""Intercrop"")"
403,1.92733,3,"Vineyard & Pecan (""Intercrop"")"
404,1.28928,3,Vineyard
406,2.97059,3,Vacant
407,2.18779,3,Vacant
410,0.786467,3,Lucern
411,4.23473,3,Lucern
412,2.80056,3,Vacant
414,2.05937,1,Maize
416,2.38407,3,Vineyard
417,0.820007,3,Vacant
422,1.15874,3,Vacant
423,2.78324,3,Vacant
424,1.29047,3,Maize
425,0.577929,3,Maize
426,0.383243,3,Maize
427,0.561515,3,Maize
428,0.501517,3,Maize
429,0.986776,3,Grass
430,2.2317,3,Grass
432,2.47247,3,Vacant
433,1.19493,3,Vacant
434,2.61259,3,Lucern
435,2.91831,3,Lucern
436,2.72767,3,Lucern
437,2.98586,3,Lucern
439,1.42291,3,Vacant
440,0.920661,3,Vacant
441,0.908234,3,Vacant
443,1.10857,3,Vineyard
444,2.84766,3,Vineyard
445,2.35218,3,Vineyard
447,3.94605,3,Vineyard
448,2.95646,3,Vineyard
450,4.34184,3,Vineyard
451,0.520073,3,Vineyard
457,0.877322,3,Grass
458,1.14455,3,Grass
459,0.551358,3,Lucern
460,1.47891,3,Vacant
461,0.712156,3,Grass
463,0.729984,3,Lucern
465,0.275541,3,Vineyard
466,3.22267,3,Vineyard
468,1.79903,3,Vineyard
469,5.02264,3,Vacant
470,1.18915,3,Vineyard
471,0.649015,3,Vineyard
472,0.0795524,3,Vineyard
473,1.14017,3,Vineyard
476,0.729989,3,Vacant
477,2.62281,3,Lucern
478,0.508884,3,Grass
479,0.540793,3,Lucern
482,0.894581,3,Vineyard
483,2.06488,3,Lucern
484,1.60131,3,Lucern
485,1.21227,3,Lucern
486,1.6218,3,Lucern
487,3.36049,3,Lucern
488,1.6645,3,Maize
489,1.28817,3,Vineyard
492,3.82996,3,Maize
493,1.79546,3,Vacant
494,4.64962,3,Vineyard
495,1.82927,3,Maize
496,2.47006,3,Vacant
497,1.37086,3,Maize
498,0.859368,3,Maize
499,6.82659,3,Maize
501,3.91817,3,"Vineyard & Pecan (""Intercrop"")"
504,7.21866,3,Vineyard
505,7.9661,3,"Vineyard & Pecan (""Intercrop"")"
508,5.25713,3,"Vineyard & Pecan (""Intercrop"")"
510,1.9032,3,Vineyard
511,1.12359,3,Vineyard
513,3.12807,3,Maize
515,1.3028,3,Vineyard
516,4.86359,3,Lucern
517,3.0073,3,Lucern
519,0.475861,3,Maize
521,3.05091,3,Vineyard
522,0.403104,3,Maize
523,2.01374,3,Lucern
525,1.22116,3,Lucern
526,1.76284,3,Lucern
527,1.26882,3,Vacant
528,0.674466,3,Vineyard
529,2.78375,3,Vineyard
530,2.78867,3,Vineyard
531,0.604751,3,Vacant
533,1.17565,3,Maize
537,0.759583,3,Maize
538,1.92894,3,Vineyard
541,0.49594,3,Maize
543,0.807966,3,Lucern
545,1.88123,3,Lucern
546,3.26664,3,Lucern
547,3.86331,3,Lucern
550,1.22561,3,Vacant
551,4.51463,3,Vineyard
552,3.29491,3,Lucern
553,2.15033,3,Lucern
555,7.35119,3,Lucern
556,3.95511,3,Lucern
559,1.188,4,Vineyard
561,0.458029,4,Lucern
562,0.418289,4,Lucern
564,1.98714,4,Lucern
565,2.03572,4,Lucern
567,0.54967,4,Vacant
568,2.48323,4,Vineyard
569,2.84951,4,Vineyard
570,0.922294,4,Vineyard
572,1.13995,4,Vineyard
574,1.1742,4,Vineyard
576,3.988,4,Vineyard
577,0.807208,4,"Vineyard & Pecan (""Intercrop"")"
578,1.80554,4,"Vineyard & Pecan (""Intercrop"")"
579,3.00586,4,Vineyard
580,0.8511,4,Vineyard
581,0.66831,4,Vineyard
582,0.439152,4,Vineyard
583,3.12867,4,"Vineyard & Pecan (""Intercrop"")"
584,1.18794,4,Lucern
585,2.30628,4,Lucern
586,12.5317,2,Maize
588,5.59573,2,Maize
589,6.2998,2,Lucern
590,3.49814,2,Maize
591,3.24434,2,Maize
592,1.73261,2,Maize
593,7.04743,2,Maize
594,1.11559,2,Vineyard
595,6.35763,2,Maize
596,2.05487,2,Maize
598,3.75506,2,Maize
601,4.22906,2,Maize
604,4.53672,2,Lucern
605,1.77505,2,Lucern
606,2.82097,2,Vineyard
607,2.5357,2,Lucern
608,2.84209,2,Vineyard
609,4.60838,2,Vineyard
610,6.85011,2,Lucern
611,4.12021,2,Lucern
612,8.79656,2,Lucern
613,5.84474,2,Maize
616,1.59991,4,Vineyard
619,2.64928,2,Lucern
621,2.39416,2,Vineyard
622,0.20545,2,Vineyard
625,2.25528,2,Vineyard
626,3.82995,2,Maize
627,4.59205,2,Maize
628,5.0578,2,Maize
629,5.28463,2,Lucern
630,3.95278,2,Maize
631,1.77888,2,Vacant
632,0.565235,2,Vineyard
633,0.342235,2,Vineyard
634,2.37066,2,Vineyard
635,4.3476,2,Lucern
636,4.67526,2,Maize
637,1.88653,2,Vineyard
639,3.88223,2,Lucern
640,3.30821,2,Vineyard
642,1.62092,4,Vineyard
645,1.40559,4,Vineyard
646,1.78577,4,Vineyard
649,0.728368,4,Vacant
650,0.260674,4,Vacant
652,0.65737,4,Vacant
654,0.985842,4,Lucern
656,6.99809,2,Vineyard
657,7.08262,2,Lucern
658,7.28653,2,Lucern
659,1.09558,2,Vineyard
660,2.35885,2,Vineyard
662,1.24214,2,Vineyard
664,2.30472,2,Lucern
666,1.94032,2,Vacant
668,0.632959,2,Vacant
670,6.65938,2,Maize
671,3.85574,2,Lucern
673,1.07582,2,Lucern
674,1.12925,2,Lucern
675,2.51001,2,Lucern
676,4.12101,2,Maize
678,4.63648,2,Maize
680,0.180789,2,Vineyard
681,1.88429,2,Lucern
682,0.718535,5,Vineyard
684,1.52165,5,Vineyard
685,0.678798,5,Vineyard
687,0.636621,5,Vineyard
688,5.94748,5,Vineyard
689,3.58319,5,Vineyard
691,6.11528,5,Vineyard
692,2.90142,5,Vineyard
693,1.30779,5,Vineyard
694,0.27441,5,Vineyard
695,0.668785,5,Vineyard
696,0.440434,5,Vineyard
697,0.310373,5,Vineyard
698,0.894173,5,Vineyard
700,1.89559,5,Vineyard
701,0.343397,5,Vineyard
702,1.78888,5,Vineyard
703,3.7919,2,Grass
704,1.9889,2,Vineyard
706,6.61931,2,Vineyard
707,2.29586,2,Vineyard
709,1.40553,2,Grass
710,2.20704,2,Vineyard
712,4.58525,2,Vineyard
713,0.552382,2,"Vineyard & Pecan (""Intercrop"")"
714,4.30898,2,Vineyard
715,9.0426,2,Vineyard
716,2.99042,2,Maize
717,2.2925,2,Maize
719,4.29304,2,Lucern
720,1.80113,2,Maize
721,4.0798,2,Lucern
722,4.90096,2,Vineyard
723,5.93967,2,Lucern
724,0.482854,2,Vineyard
725,6.41261,2,Vineyard
726,0.715439,2,Lucern
727,1.8446,2,Vineyard
728,0.374819,2,Maize
729,0.328052,2,Maize
731,2.51019,2,Vineyard
732,0.715667,2,Vineyard
733,1.17169,2,Grass
737,0.917435,2,Maize
741,3.47382,2,Lucern
743,2.8124,2,"Vineyard & Pecan (""Intercrop"")"
744,5.1429,2,Vineyard
747,1.33792,2,Vineyard
748,1.58145,2,"Vineyard & Pecan (""Intercrop"")"
749,0.117526,2,Vineyard
753,6.70516,2,"Vineyard & Pecan (""Intercrop"")"
754,1.61178,2,"Vineyard & Pecan (""Intercrop"")"
755,0.174482,2,Vineyard
756,6.2731,2,Lucern
757,0.431903,2,Vineyard
759,4.08291,5,Lucern
761,1.73599,5,Maize
762,0.670725,5,Lucern
764,1.67422,5,Vineyard
766,2.4988,5,Vineyard
768,3.0667,5,Vineyard
770,2.00688,5,Lucern
773,0.301954,5,Lucern
775,0.341104,5,Lucern
776,0.221752,5,Vineyard
778,1.84026,5,Vacant
780,0.865836,5,Lucern
781,3.00265,5,Lucern
783,1.20621,5,"Vineyard & Pecan (""Intercrop"")"
784,1.30896,5,"Vineyard & Pecan (""Intercrop"")"
785,1.03828,5,"Vineyard & Pecan (""Intercrop"")"
787,1.53844,5,Vineyard
789,0.317647,5,Vineyard
790,0.728255,5,Vineyard
791,1.40568,5,Vineyard
792,4.94434,5,Vineyard
793,1.14255,5,Vineyard
794,0.728195,5,Vineyard
797,2.35456,5,Vineyard
798,1.28411,5,Vineyard
800,1.87947,5,Vineyard
801,1.23033,2,Vineyard
803,0.239367,2,Vineyard
804,0.60012,2,Vineyard
805,1.9086,5,Grass
806,1.64603,5,Lucern
808,6.75901,2,Maize
810,1.25529,2,Maize
815,0.873154,2,Vineyard
816,4.41453,4,Cotton
820,1.58719,4,Maize
821,1.29215,4,Maize
822,0.45687,4,Lucern
823,0.133451,4,Cotton
824,1.80309,4,Lucern
825,2.20843,4,Lucern
826,0.514497,4,Lucern
827,0.998146,4,Lucern
828,3.75045,4,Lucern
829,1.13764,4,Lucern
830,2.71546,4,Lucern
831,1.92178,4,Lucern
832,1.75975,4,Lucern
833,0.204761,4,Vineyard
836,9.19584,4,Vacant
837,3.24588,4,Lucern
840,2.65941,4,Vineyard
841,1.67282,4,Vineyard
842,2.30138,4,Vineyard
843,2.80794,4,Vineyard
844,2.08093,4,Vineyard
845,4.1513,4,Vineyard
846,1.59864,4,Vineyard
847,1.18247,4,Vineyard
849,2.71669,4,Vineyard
850,1.49046,2,Vacant
852,0.650266,3,Vacant
854,4.53911,3,Grass
856,9.068,3,Vineyard
857,2.70576,3,Vineyard
859,0.782283,3,Vineyard
860,0.364205,3,Vacant
861,1.53858,3,Vineyard
862,0.399415,3,Lucern
863,0.755271,3,Lucern
864,0.476724,3,Lucern
866,0.920955,3,Vineyard
867,0.230072,3,Vineyard
868,0.274411,3,Maize
869,1.22013,3,Vineyard
871,2.43488,3,Lucern
872,0.437683,3,Vineyard
873,0.528091,3,Lucern
874,2.74214,3,Grass
875,1.59019,3,Vineyard
876,4.5771,3,Vineyard
878,0.45629,3,Lucern
879,2.21187,3,Vineyard
880,2.13385,3,Vineyard
885,1.50575,4,Vineyard
886,0.500034,4,Grass
889,2.56931,4,Lucern
890,6.03915,4,Lucern
893,2.6973,4,Lucern
894,5.23654,4,Lucern
895,0.799966,4,Lucern
897,1.73417,4,Lucern
898,0.976978,4,"Vineyard & Pecan (""Intercrop"")"
899,1.69865,4,"Vineyard & Pecan (""Intercrop"")"
900,1.01024,4,Vineyard
901,0.499032,4,Vacant
902,2.47878,2,Maize
903,4.04981,2,Maize
904,7.95072,2,Maize
908,0.655544,2,Vineyard
909,0.658917,2,Vineyard
910,6.68048,2,Maize
911,1.51763,2,Maize
914,4.85369,2,Maize
915,2.4887,2,Vineyard
917,1.01379,2,Maize
918,1.39327,2,Lucern
920,1.61942,2,Grass
927,0.449248,2,Maize
929,2.52853,2,Maize
930,2.42848,2,Vineyard
931,2.12004,2,Maize
932,1.92415,2,Vineyard
933,13.4584,2,Maize
935,2.71883,2,Lucern
938,3.26565,6,Lucern
939,1.27673,6,Vineyard
940,2.39544,6,Vineyard
943,3.84002,6,Cotton
945,3.65099,6,Vacant
946,3.85623,6,Vineyard
949,3.21794,6,Vineyard
950,7.67838,6,Cotton
951,6.23434,6,Vineyard
952,3.52539,6,Vineyard
955,3.55895,6,Lucern
958,0.585929,6,Vineyard
959,0.571298,6,Vineyard
961,0.401423,6,Vineyard
962,0.363704,6,Vineyard
963,0.165958,6,Vineyard
964,0.586041,6,Vineyard
965,0.510909,6,Vineyard
967,0.194041,6,Vineyard
968,6.39225,2,Vineyard
969,3.08129,2,Lucern
974,0.469752,2,Vineyard
975,1.12667,2,Lucern
976,5.49989,2,Lucern
977,1.94362,2,Lucern
978,5.6509,2,"Vineyard & Pecan (""Intercrop"")"
979,6.37211,2,Lucern
980,3.96424,2,Vineyard
982,3.96839,2,Vineyard
983,9.87828,2,Vineyard
984,3.88828,2,Vacant
985,4.11801,2,Vineyard
986,4.36752,2,Vineyard
988,3.78996,2,"Vineyard & Pecan (""Intercrop"")"
989,3.74098,2,Vineyard
990,2.95697,2,Vineyard
991,4.41568,2,Vineyard
992,0.407817,2,Vineyard
993,0.182571,2,Vineyard
994,6.98165,5,Lucern
995,0.766031,5,Vineyard
996,1.94983,5,Vineyard
997,1.11927,5,Vineyard
998,3.30725,5,Lucern
999,1.07414,5,Vineyard
1000,1.56376,5,Vineyard
1002,3.16994,5,Vineyard
1003,4.33353,5,Vineyard
1004,1.15862,5,Lucern
1006,3.54779,5,Lucern
1007,4.27376,5,Lucern
1008,1.30737,5,Maize
1009,1.38246,5,Grass
1012,2.70246,5,Lucern
1013,1.55898,5,Lucern
1016,1.80748,5,Maize
1017,2.10692,5,Vineyard
1019,2.37891,5,Vineyard
1020,0.894363,5,Maize
1021,1.65785,5,Vacant
1022,2.7129,5,Vacant
1023,4.54203,5,Vineyard
1024,4.85867,5,Vineyard
1025,2.26757,5,Grass
1026,2.80203,5,Lucern
1027,2.03326,5,Vineyard
1028,0.430538,5,Vineyard
1029,0.0548302,5,Vineyard
1033,1.7388,3,Vineyard
1035,6.17467,3,Vineyard
1036,0.5943,3,Vineyard
1037,3.55895,3,Lucern
1038,5.14622,3,"Vineyard & Pecan (""Intercrop"")"
1039,5.09528,3,"Vineyard & Pecan (""Intercrop"")"
1040,1.39635,3,Vineyard
1041,0.944484,3,Vineyard
1046,3.32913,6,Lucern
1047,5.06293,6,Lucern
1049,3.2773,6,Vineyard
1050,2.11684,6,Vacant
1051,2.1893,6,Cotton
1052,4.01247,6,Cotton
1053,2.48221,6,Vineyard
1054,4.55186,6,Lucern
1059,0.28731,6,Lucern
1062,0.675777,6,Lucern
1063,1.85944,6,Vineyard
1064,1.40438,6,Vineyard
1065,2.35955,6,Vineyard
1066,2.72009,6,Vineyard
1067,1.98633,6,Vineyard
1069,1.91927,6,"Vineyard & Pecan (""Intercrop"")"
1071,2.27876,6,Vineyard
1072,2.43676,6,Vineyard
1073,3.02598,6,Vineyard
1074,2.99542,6,Vineyard
1075,3.22485,6,Vineyard
1076,3.56447,6,Vineyard
1077,3.20268,6,Cotton
1080,1.87711,6,Maize
1081,2.07551,6,Maize
1084,3.37142,5,Maize
1085,3.0871,5,Lucern
1087,2.62593,5,Vacant
1088,2.2651,5,Vacant
1089,3.74111,5,"Vineyard & Pecan (""Intercrop"")"
1090,0.636423,5,Vineyard
1091,0.451908,5,Vineyard
1093,4.19413,5,Vineyard
1095,0.198351,5,Vineyard
1096,0.577985,5,Vineyard
1097,2.88321,5,Vineyard
1099,2.23574,5,Vineyard
1100,2.24045,5,Vineyard
1103,1.98502,5,Vineyard
1104,2.41174,5,Vineyard
1105,1.0841,5,Vineyard
1106,0.756179,5,Vineyard
1107,8.47699,5,Maize
1108,3.96014,5,Lucern
1110,0.55393,5,Vineyard
1111,1.60412,5,Lucern
1112,2.20595,5,Lucern
1113,3.7205,5,Vineyard
1114,2.51035,2,Vineyard
1116,2.16238,2,Vineyard
1117,3.7031,2,Vineyard
1119,0.932625,2,Vineyard
1120,0.21255,2,Vineyard
1121,2.19381,2,Vineyard
1122,1.23287,2,Vineyard
1123,2.57725,2,Vineyard
1124,5.93804,2,"Vineyard & Pecan (""Intercrop"")"
1126,3.32051,5,Maize
1127,4.48369,5,Vineyard
1128,6.44197,5,Vineyard
1131,3.29387,5,Vacant
1132,0.723673,5,Lucern
1134,3.09991,5,Lucern
1135,0.73996,5,Lucern
1136,4.52785,5,Lucern
1137,5.18209,5,Grass
1139,0.69655,5,Vineyard
1140,0.277447,5,Lucern
1141,3.36606,5,Lucern
1142,3.63782,5,Lucern
1143,2.42936,5,Vineyard
1144,2.74964,5,Lucern
1146,0.620385,5,Vineyard
1147,2.73006,5,Vacant
1148,2.16363,5,Vineyard
1149,0.186729,5,Vineyard
1150,1.20802,5,Lucern
1151,1.8352,5,Vineyard
1152,6.74023,5,Vineyard
1153,2.34866,5,Grass
1154,2.47845,5,Vineyard
1155,4.18623,5,Vineyard
1157,0.488574,5,Vineyard
1160,2.79295,5,Vineyard
1161,2.13647,5,Vineyard
1162,1.86655,5,Vineyard
1165,1.82184,5,Vineyard
1172,2.00901,5,Vineyard
1176,3.85129,5,Vineyard
1177,1.31785,5,Vineyard
1178,5.17593,5,Vacant
1179,4.88747,5,Vacant
1180,1.03651,5,Lucern
1183,0.947836,5,Vineyard
1184,0.425826,5,Lucern
1185,0.671841,5,Vacant
1186,1.88123,5,Vacant
1189,1.4554,5,Vacant
1191,0.524158,3,Vineyard
1192,0.574839,3,Vineyard
1193,1.6937,3,Grass
1197,1.06507,3,Grass
1199,4.01282,3,Grass
1200,0.445307,3,Lucern
1201,0.211473,3,Lucern
1203,3.51865,3,Vineyard
1204,0.328102,3,Lucern
1205,5.47038,1,Lucern
1207,0.736068,1,Maize
1208,2.30675,1,Maize
1209,0.711946,1,Grass
1211,2.92961,1,Vineyard
1212,0.79924,1,Grass
1213,3.05274,1,Grass
1214,6.03107,1,Lucern
1217,2.78569,1,Vineyard
1218,5.50791,3,"Vineyard & Pecan (""Intercrop"")"
1219,1.13687,3,Vineyard
1220,0.177167,3,Lucern
1221,0.456265,3,Lucern
1222,0.242442,3,Lucern
1224,1.43975,3,Lucern
1225,3.06586,3,Maize
1226,0.499762,3,Maize
1227,0.397939,3,Maize
1229,1.61583,3,Vineyard
1232,2.41392,3,Vineyard
1233,0.64008,3,Maize
1234,0.642923,3,Maize
1236,1.6991,3,Maize
1237,1.44999,3,Vineyard
1238,0.162013,3,Lucern
1239,0.452772,3,Lucern
1241,2.01905,3,Lucern
1243,3.01967,1,Lucern
1244,1.88414,1,Lucern
1245,2.39805,1,Lucern
1246,1.66176,1,Lucern
1247,7.7323,1,Lucern
1248,2.22428,1,Lucern
1249,0.976826,1,Lucern
1251,2.62353,1,Lucern
1252,4.24852,1,Lucern
1253,5.68018,1,Vineyard
1254,4.35197,3,Lucern
1255,1.55819,3,Lucern
1258,0.353918,3,Cotton
1259,0.480547,3,Cotton
1260,0.554767,3,Cotton
1261,0.27676,3,Cotton
1263,0.612404,3,Lucern
1265,0.935317,3,Lucern
1266,0.844122,3,Grass
1268,0.627791,3,Grass
1270,0.34146,3,Lucern
1271,0.652325,3,Vacant
1272,0.482678,3,Vacant
1273,0.776249,3,Grass
1274,0.737725,3,Grass
1276,1.04848,3,Lucern
1277,0.412038,3,Lucern
1278,0.480645,3,Vacant
1280,0.93793,3,Vineyard
1286,1.2418,1,Vineyard
1288,10.1692,1,Vineyard
1289,2.93958,1,Vineyard
1290,4.15009,1,Vineyard
1291,5.637,1,Vineyard
1295,0.941347,3,Lucern
1297,1.07769,3,Vineyard
1298,0.761727,3,Vineyard
1300,1.22789,3,Lucern
1303,1.12622,3,Vineyard
1304,1.61574,3,Vineyard
1305,0.205275,3,Lucern
1307,1.21307,3,Grass
1310,1.49378,3,Vineyard
1313,0.670228,3,Maize
1314,3.46806,3,Vineyard
1315,2.6653,3,Vineyard
1316,1.81001,3,Vineyard
1317,5.32671,3,Vineyard
1319,1.80045,3,Grass
1320,1.73345,3,Cotton
1321,0.475453,3,Cotton
1322,3.54076,3,Vineyard
1323,2.01045,3,Vineyard
1324,1.71842,3,Vineyard
1326,3.36086,3,Vineyard
1327,4.45065,3,Grass
1328,1.57182,3,Grass
1329,1.76349,3,Vacant
1331,1.6424,3,Maize
1332,3.86582,3,Grass
1333,2.64515,3,Maize
1334,5.47941,3,Grass
1335,1.64865,3,Grass
1336,3.34214,3,Vineyard
1337,3.77571,3,Vacant
1338,4.14783,3,Vineyard
1339,2.83654,3,"Vineyard & Pecan (""Intercrop"")"
1340,1.84366,3,Maize
1341,1.98918,3,Grass
1342,2.57648,3,Maize
1343,1.93335,3,Maize
1344,3.25552,3,Grass
1345,2.67723,3,Grass
1346,4.8499,3,Vineyard
1347,3.01762,3,Vineyard
1348,3.113,1,Vineyard
1349,5.41677,1,Vacant
1350,6.30585,3,Lucern
1351,1.95203,3,Vacant
1352,1.3655,3,Lucern
1354,2.14401,3,Vineyard
1359,4.52104,3,Lucern
1361,1.2957,3,Lucern
1362,5.31207,3,Lucern
1363,3.36797,3,Lucern
1365,0.968707,3,Lucern
1367,3.31247,3,Vacant
1368,2.18087,3,Lucern
1369,2.32095,3,Maize
1370,2.94018,3,Maize
1371,2.07346,3,Lucern
1373,1.32544,3,Lucern
1374,1.08725,3,Vineyard
1375,3.38267,3,Dates
1376,1.27907,3,Vacant
1378,7.81202,3,Vineyard
1379,3.91563,3,Vineyard
1380,3.74701,3,Grass
1382,3.74351,3,Dates
1383,0.9027,3,Grass
1384,4.5452,3,Grass
1385,5.18737,3,Vineyard
1386,7.19515,3,Vineyard
1387,3.94381,3,Grass
1390,8.45856,3,Vineyard
1392,3.64577,3,Vineyard
1393,1.07042,3,Vineyard
1394,0.95005,3,Vineyard
1396,3.94832,3,Vineyard
1397,3.853,3,Vacant
1398,2.86715,3,Vacant
1399,2.45554,3,Vineyard
1400,2.43649,3,Vineyard
1401,3.60108,3,"Vineyard & Pecan (""Intercrop"")"
1404,1.69542,3,Vacant
1406,1.91237,3,Vineyard
1407,1.42322,3,Grass
1409,2.95996,3,Vineyard
1410,2.92541,3,Vineyard
1411,4.43926,3,Vineyard
1412,5.03239,3,Vineyard
1415,4.57549,3,Vineyard
1416,1.40704,3,Vineyard
1417,1.32385,3,Vineyard
1418,1.66842,3,Vacant
1419,1.4539,3,Maize
1420,0.592724,3,Vineyard
1421,2.3655,3,Maize
1422,4.38811,3,Maize
1423,5.01828,3,Vineyard
1424,2.74094,3,Vineyard
1425,1.88907,3,Vacant
1426,1.85133,3,Maize
1428,4.44508,3,Vineyard
1429,2.51225,3,Vineyard
1434,0.930677,3,Vacant
1435,0.871103,3,Vacant
1436,2.04732,3,Cotton
1437,1.11243,3,Cotton
1438,1.51293,3,Cotton
1439,4.03803,3,Maize
1440,0.169474,3,Vacant
1441,0.254157,3,Vacant
1442,0.279584,3,Vacant
1444,2.81616,3,Vineyard
1446,2.49251,3,Grass
1447,1.86044,3,Grass
1448,3.02744,3,Grass
1449,1.41922,3,Grass
1451,2.31944,3,Lucern
1452,3.60445,3,Cotton
1453,1.59664,3,Maize
1454,0.570439,3,Vineyard
1455,1.46501,3,Vineyard
1456,0.353378,3,Vacant
1459,1.43768,3,Vacant
1461,1.79841,3,"Vineyard & Pecan (""Intercrop"")"
1463,5.34228,3,Lucern
1464,2.51838,3,Maize
1465,0.981803,3,Lucern
1466,1.40125,3,Lucern
1468,4.67631,3,Lucern
1469,3.03299,3,Lucern
1470,4.92774,3,Lucern
1472,0.848327,3,Lucern
1473,1.21675,3,Maize
1474,11.0283,3,Lucern
1475,11.4926,3,Lucern
1476,2.00494,3,Vineyard
1477,1.51203,3,Vacant
1479,1.69202,3,Grass
1480,0.464063,3,Grass
1481,0.438817,3,Vacant
1482,2.29503,3,Vacant
1483,1.11975,3,Vineyard
1486,0.940125,3,Vacant
1487,1.01008,3,Vacant
1488,1.38484,3,Vacant
1489,1.42175,3,Vacant
1490,1.95526,3,Cotton
1491,2.40859,3,Lucern
1492,3.755,3,Cotton
1494,6.0766,3,Lucern
1495,6.53704,3,Cotton
1496,0.980625,3,Cotton
1498,0.720617,3,Lucern
1500,0.457907,1,Vineyard
1502,11.7233,1,Vineyard
1503,0.474469,1,Vacant
1504,1.10064,1,Vineyard
1505,0.954742,1,Vineyard
1507,3.60325,1,Vineyard
1508,1.67102,1,"Vineyard & Pecan (""Intercrop"")"
1509,4.25153,3,Vacant
1510,0.482446,3,Lucern
1511,3.83729,3,Cotton
1512,1.30013,3,Vineyard
1513,3.25941,3,Vineyard
1514,3.72032,3,Cotton
1515,1.79247,3,Lucern
1516,3.04347,3,Cotton
1517,2.63685,3,Cotton
1518,2.96661,3,Cotton
1519,3.01173,3,Vineyard
1521,1.23368,3,Cotton
1522,0.734904,3,Cotton
1523,1.04366,3,Cotton
1525,1.17712,3,Lucern
1526,1.56902,3,Vineyard
1527,2.524,3,Lucern
1531,2.40403,3,Cotton
1532,2.62608,3,Vineyard
1533,0.712018,3,Vineyard
1534,1.47364,3,Vineyard
1535,1.4211,3,Vineyard
1538,1.60945,3,Cotton
1539,5.54635,3,Vineyard
1540,1.64601,3,Maize
1541,6.07797,3,Maize
1542,6.37991,3,Vineyard
1543,3.78155,3,Cotton
1544,4.81166,3,Vineyard
1545,1.32121,3,Cotton
1547,3.75426,3,Vineyard
1548,3.41202,3,Cotton
1550,1.14549,3,Cotton
1551,2.75718,3,Vineyard
1552,1.40964,3,Vacant
1555,4.26522,3,Vineyard
1557,3.45068,3,Grass
1558,3.28119,3,Lucern
1560,3.0219,3,Cotton
1561,2.37797,3,Cotton
1562,0.898325,3,Maize
1565,3.1157,3,Vacant
1568,1.16642,3,Maize
1570,1.36421,3,Maize
1572,2.34811,3,Maize
1574,1.91714,3,Vacant
1575,0.918846,3,Vineyard
1576,2.41376,3,Vacant
1577,1.23939,3,Vineyard
1579,1.20149,3,Vineyard
1580,1.30227,3,Vineyard
1581,2.59062,3,Grass
1582,2.89264,3,Vineyard
1583,2.78115,3,Vineyard
1585,3.96076,3,Cotton
1586,2.57949,3,Cotton
1587,2.88896,3,Cotton
1588,2.41782,3,Vineyard
1589,1.97331,3,Cotton
1590,3.00025,3,Cotton
1591,0.630788,3,Vacant
1593,1.53352,3,Vacant
1596,1.42385,3,Vineyard
1597,1.92214,3,Maize
1599,2.12837,3,Vineyard
1601,1.45643,4,Lucern
1602,2.77275,4,Lucern
1603,3.24563,4,Vineyard
1604,2.87197,4,"Vineyard & Pecan (""Intercrop"")"
1605,1.14643,4,Vineyard
1606,1.87534,4,Vineyard
1607,0.751186,4,Vineyard
1610,0.771248,4,Vineyard
1611,1.58471,4,Vineyard
1613,0.185538,4,Vineyard
1614,1.87813,4,"Vineyard & Pecan (""Intercrop"")"
1616,3.25557,4,Lucern
1617,1.51715,4,Lucern
1620,2.06507,4,Vineyard
1621,2.57301,4,Vineyard
1622,4.34169,4,Vineyard
1623,0.925044,4,Maize
1624,1.00082,4,Lucern
1626,0.340181,4,Lucern
1628,1.0313,4,Lucern
1629,2.41089,4,Vineyard
1630,1.32023,4,Maize
1631,0.38377,4,Vineyard
1632,0.15277,4,Lucern
1634,2.96032,4,Lucern
1635,0.639124,2,Vineyard
1636,0.375637,2,Vineyard
1639,1.34964,2,Vineyard
1640,2.49651,2,Vacant
1641,0.395989,2,Vacant
1643,2.9984,2,Lucern
1644,0.339409,2,Lucern
1645,2.05823,2,Lucern
1647,3.24961,2,Lucern
1648,1.78364,2,Lucern
1650,2.01282,4,Grass
1651,0.940489,4,Grass
1652,0.871707,4,Grass
1653,0.975764,4,Vineyard
1655,0.615255,2,Vacant
1656,0.661624,2,Vacant
1658,0.682768,2,Vacant
1661,2.53104,1,Vacant
1662,3.30722,3,Cotton
1663,0.627955,3,Cotton
1664,0.21362,3,Cotton
1669,0.542783,3,Vineyard
1670,1.71971,3,Vineyard
1671,0.920544,3,Grass
1673,1.60929,3,Cotton
1676,4.00993,1,Vineyard
1677,5.6025,1,Vineyard
1679,5.15811,4,Vineyard
1680,3.10451,4,"Vineyard & Pecan (""Intercrop"")"
1681,3.96939,4,Vineyard
1683,9.56686,4,"Vineyard & Pecan (""Intercrop"")"
1687,3.90987,4,Vineyard
1688,1.68706,4,Vacant
1689,2.48439,4,Vineyard
1691,2.10948,4,Vineyard
1693,0.441053,4,Vineyard
1694,2.99206,4,Lucern
1697,2.53363,4,Vineyard
1698,2.51941,4,Vineyard
1699,1.14624,4,Vineyard
1703,2.59372,4,Vineyard
1704,4.77374,4,Vineyard
1707,0.0684861,4,Vineyard
1708,2.04477,4,Vineyard
1709,0.860865,4,Maize
1712,7.51898,4,Lucern
1713,2.61348,4,Vineyard
1714,1.20914,2,Lucern
1716,1.76126,2,Lucern
1717,1.85233,2,Vacant
1718,2.8153,2,Vacant
1719,0.310907,2,Vacant
1722,0.837699,2,Lucern
1723,1.17327,2,Lucern
1726,0.647511,2,Lucern
1727,4.96455,2,Maize
1728,1.72284,2,Vacant
1730,0.792479,2,Vacant
1731,2.11685,2,Vineyard
1733,0.95964,2,Vineyard
1734,2.92992,2,Vineyard
1736,0.316893,2,Lucern
1737,4.67291,6,Cotton
1738,4.31073,6,Cotton
1741,3.69382,6,Cotton
1742,4.81916,6,Cotton
1743,1.10699,6,Cotton
1744,1.70687,6,Cotton
1745,4.04891,6,Vineyard
1746,0.672078,6,Cotton
1747,1.22395,6,Cotton
1749,0.801195,6,Cotton
1750,0.636246,6,Cotton
1751,0.475914,6,Cotton
1755,1.77667,6,Maize
1756,0.0435493,6,Lucern
1757,0.501637,6,Lucern
1758,0.25665,6,Cotton
1759,1.41371,6,Cotton
1763,0.955121,6,Maize
1764,0.440931,6,Grass
1765,0.360251,6,Grass
1766,0.435555,6,Maize
1767,10.1192,6,Maize
1769,1.5269,6,Vineyard
1770,8.92821,6,Vineyard
1771,3.24806,6,Vineyard
1772,0.934683,6,Lucern
1775,6.96907,6,Vineyard
1776,0.702482,6,Vineyard
1777,0.513473,6,Vineyard
1778,0.440184,6,Lucern
1779,1.36026,6,Vineyard
1780,1.16607,6,Maize
1781,0.433894,6,Lucern
1782,0.274236,6,Vineyard
1783,0.624283,6,Maize
1785,0.831431,6,Vineyard
1786,0.530509,6,Dates
1787,0.895529,6,Vineyard
1788,2.12425,6,Maize
1789,1.51533,6,Maize
1791,7.29002,6,Lucern
1792,12.0,1,Vineyard
1793,0.983664,1,Vineyard
1794,0.525949,1,Vineyard
1797,1.61875,3,Lucern
1798,0.273908,3,Lucern
1799,1.21805,3,Lucern
1803,7.6676,3,Cotton
1804,5.03571,3,Lucern
1805,2.73574,3,Lucern
1807,1.87041,3,Lucern
1808,2.5824,3,Vineyard
1809,1.55592,4,"Vineyard & Pecan (""Intercrop"")"
1811,0.663182,4,Vineyard
1812,2.80494,4,Lucern
1813,0.668045,4,Vineyard
1814,2.11817,4,Vineyard
1815,1.17923,4,Lucern
1816,1.48166,4,Vineyard
1819,2.03184,5,Vineyard
1823,0.575451,5,Vineyard
1825,1.92426,5,Vineyard
1827,0.389387,5,Vineyard
1828,3.18754,2,Vineyard
1829,4.56264,2,Lucern
1831,2.68463,2,Lucern
1832,2.1593,2,Lucern
1834,1.85817,2,Vacant
1835,0.810019,2,Vacant
1838,2.81654,2,Lucern
1839,2.24098,2,Vineyard
1840,0.66596,2,Vineyard
1842,0.967832,2,Lucern
1843,1.56175,2,Vineyard
1845,5.16099,2,Lucern
1846,1.69967,2,Vineyard
1849,3.34226,2,Vineyard
1850,1.03564,2,Lucern
1853,8.53695,2,Vineyard
1854,4.38431,2,Lucern
1855,2.07895,2,Grass
1856,1.14222,2,Vacant
1858,1.08131,2,Vineyard
1860,0.875891,2,Vineyard
1861,1.46594,2,Vacant
1862,0.415398,2,Vineyard
1867,0.521039,2,Vineyard
1868,2.24471,2,Vineyard
1869,4.93632,2,Vineyard
1870,3.444,2,Lucern
1871,1.59278,2,Maize
1873,3.98222,2,Lucern
1875,2.02808,2,Lucern
1878,0.49196,2,Vineyard
1879,0.50664,2,Vineyard
1881,1.89852,2,Grass
1882,4.96056,2,Vineyard
1883,8.02395,2,Vineyard
1884,0.955472,5,Vineyard
1886,0.214794,5,Vineyard
1887,0.351502,2,Dates
1889,2.05911,2,Vacant
1890,2.97042,2,Maize
1891,0.624527,2,Maize
1893,5.52852,2,Vacant
1894,2.24109,2,Lucern
1899,1.90578,2,Vineyard
1900,2.96787,2,Lucern
1901,3.89258,2,Vacant
1902,1.95471,2,Vineyard
1904,4.06509,2,"Vineyard & Pecan (""Intercrop"")"
1905,1.62466,2,Vineyard
1906,1.86874,2,Vineyard
1907,1.67472,2,Vineyard
1908,3.38615,2,Lucern
1910,1.07033,2,Vineyard
1911,3.67327,2,Vacant
1913,5.40819,2,Vacant
1915,0.970681,2,Vacant
1917,1.60842,2,Grass
1919,1.51099,5,Vineyard
1920,2.74907,5,Vineyard
1921,0.278737,5,Vineyard
1922,0.669661,5,Vineyard
1923,0.375942,5,Vineyard
1924,3.12469,5,Vineyard
1925,4.677,5,Vineyard
1926,1.4335,5,Vineyard
1927,3.75314,5,Vineyard
1928,1.96248,5,Vineyard
1929,1.21163,5,Vineyard
1931,0.617532,5,Lucern
1933,0.720942,5,Vineyard
1934,0.0923603,5,Vineyard
1936,1.05207,5,Vineyard
1937,0.965502,5,Vineyard
1938,2.13121,5,Lucern
1940,2.00728,5,Vacant
1942,0.562841,5,Vineyard
1944,5.07832,5,Vacant
1945,3.82876,5,Lucern
1946,0.66634,5,"Vineyard & Pecan (""Intercrop"")"
1947,2.02833,5,Lucern
1949,1.21682,2,Vineyard
1950,4.30938,2,Vineyard
1951,1.9101,2,Vineyard
1952,12.9844,2,Maize
1953,1.25317,2,Vineyard
1954,1.99865,2,Vineyard
1955,2.05358,2,Lucern
1956,0.879433,2,Vineyard
1958,3.57757,2,"Vineyard & Pecan (""Intercrop"")"
1960,2.80221,2,"Vineyard & Pecan (""Intercrop"")"
1961,2.78354,2,Vineyard
1963,7.15386,2,Vineyard
1964,1.08113,2,Vineyard
1967,1.48968,2,Vacant
1968,3.09444,2,Vacant
1969,2.06433,2,Vineyard
1970,1.55693,2,Vineyard
1971,0.923743,2,"Vineyard & Pecan (""Intercrop"")"
1972,1.62305,2,Vacant
1974,2.47798,5,Maize
1975,0.770319,5,Lucern
1976,0.970416,5,Vineyard
1977,4.07542,5,Maize
1979,1.13744,5,Maize
1980,1.68216,5,Vineyard
1981,1.39229,5,Vineyard
1983,1.18321,5,Vineyard
1984,1.14847,5,Vineyard
1986,1.95583,5,Vineyard
1988,0.848941,5,Vineyard
1989,1.02031,5,Vineyard
1990,2.03762,5,"Vineyard & Pecan (""Intercrop"")"
1991,2.71744,4,Vineyard
1992,2.27842,4,Vineyard
1993,2.05167,4,"Vineyard & Pecan (""Intercrop"")"
1994,0.806654,4,Lucern
1995,0.978755,4,Lucern
1996,3.42242,4,Vineyard
1997,0.515653,4,Vineyard
1998,0.675934,4,Vineyard
2000,3.28132,4,Vineyard
2001,4.88696,4,"Vineyard & Pecan (""Intercrop"")"
2002,3.04619,4,Vineyard
2003,1.28881,4,Vineyard
2006,4.29079,4,"Vineyard & Pecan (""Intercrop"")"
2007,3.70533,4,"Vineyard & Pecan (""Intercrop"")"
2008,4.70264,4,"Vineyard & Pecan (""Intercrop"")"
2009,0.951354,2,Vineyard
2010,6.23696,2,Vineyard
2012,0.677364,2,Vineyard
2013,0.931195,2,Vineyard
2015,0.516027,2,Vacant
2016,0.574987,2,Vineyard
2017,1.81555,2,Vacant
2018,2.09447,2,Vacant
2019,0.953139,4,"Vineyard & Pecan (""Intercrop"")"
2020,1.70615,4,Lucern
2022,3.30244,5,Vineyard
2024,2.69273,5,Vacant
2025,2.97022,5,Lucern
2026,0.583568,5,Lucern
2027,0.820359,5,Maize
2028,0.805327,5,Vineyard
2029,0.870149,5,Vineyard
2030,1.2866,5,Lucern
2031,2.09213,5,Vineyard
2035,2.20712,5,Vineyard
2036,2.20946,5,Vineyard
2037,0.57136,5,Vineyard
2038,0.779958,5,Vineyard
2040,1.48097,5,Vineyard
2041,0.951253,5,Vineyard
2042,1.05484,5,Vineyard
2044,2.12769,5,Maize
2045,2.27838,5,Maize
2046,2.22685,5,Lucern
2047,1.67287,5,Vineyard
2048,1.13646,5,Maize
2049,0.888413,5,Lucern
2050,1.57024,5,Lucern
2051,1.06941,5,Lucern
2054,3.13153,5,Maize
2055,3.41683,5,Vacant
2057,1.90477,5,Vineyard
2061,4.11545,5,Vineyard
2062,3.04205,5,Vineyard
2063,0.166659,5,Vacant
2064,3.29814,5,Vineyard
2066,0.73578,5,Vineyard
2068,0.697659,5,Vacant
2069,2.3614,5,Lucern
2070,1.08407,5,Lucern
2072,1.69933,5,Lucern
2073,1.27441,5,Lucern
2075,2.13453,5,Cotton
2076,1.28468,5,Cotton
2077,1.2109,5,Cotton
2078,2.68921,5,Lucern
2079,2.14179,5,Lucern
2081,0.680004,5,Vacant
2082,3.93864,5,Lucern
2083,1.44171,5,Lucern
2084,2.72415,5,Cotton
2085,4.42628,5,Vacant
2091,2.11084,3,Maize
2093,1.81421,3,Vacant
2094,5.57672,3,Vineyard
2095,4.21774,3,Vineyard
2096,2.33252,3,Vineyard
2098,1.12775,3,Vineyard
2100,2.29175,3,Lucern
2101,4.1063,3,Vineyard
2103,7.1199,3,Vineyard
2104,4.61945,3,Maize
2106,3.07249,0,Lucern
2107,0.935883,0,Vacant
2109,1.39111,0,Lucern
2110,2.73502,0,Lucern
2112,0.375473,0,Vineyard
2115,2.05887,3,Vineyard
2120,0.5853,3,Vineyard
2122,0.59323,3,Vineyard
2124,0.511528,3,Vineyard
2125,0.802503,3,Vineyard
2126,1.75361,3,Lucern
2127,0.475015,3,Lucern
2130,5.14014,3,Lucern
2131,2.23277,3,Lucern
2132,2.3504,3,Lucern
2134,3.01985,3,Lucern
2135,0.586776,3,Lucern
2136,0.224917,3,Lucern
2137,3.30082,3,Lucern
2138,2.07662,3,Vineyard
2140,0.920493,3,Vineyard
2141,0.906824,3,Vineyard
2142,2.2592,3,Vineyard
2143,2.95679,3,Lucern
2144,2.81233,3,"Vineyard & Pecan (""Intercrop"")"
2145,7.85267,3,"Vineyard & Pecan (""Intercrop"")"
2146,5.19171,3,Lucern
2147,5.19836,3,Vineyard
2148,4.14112,3,Lucern
2149,3.86714,3,Vineyard
2151,2.54073,3,Lucern
2152,1.33215,3,Vacant
2155,2.6761,3,Vineyard
2156,1.25802,3,Cotton
2157,6.88887,3,Lucern
2158,1.25206,3,Cotton
2159,0.37919,3,Cotton
2160,3.49996,3,Vineyard
2161,2.48362,3,Vineyard
2162,2.67713,3,Maize
2163,1.94594,3,Maize
2164,2.99653,3,Lucern
2165,0.916049,3,Maize
2167,1.30416,3,Lucern
2168,0.353132,3,Maize
2169,0.177114,3,Maize
2171,1.44488,3,Maize
2174,3.12746,3,"Vineyard & Pecan (""Intercrop"")"
2175,2.24256,3,"Vineyard & Pecan (""Intercrop"")"
2176,3.07671,3,"Vineyard & Pecan (""Intercrop"")"
2177,3.35724,3,"Vineyard & Pecan (""Intercrop"")"
2178,1.93706,3,"Vineyard & Pecan (""Intercrop"")"
2179,2.0341,3,Vineyard
2180,0.188637,3,"Vineyard & Pecan (""Intercrop"")"
2181,11.6615,1,Lucern
2182,0.939955,1,Maize
2183,0.54893,3,Vineyard
2184,1.04183,4,Vineyard
2185,2.11965,4,Lucern
2186,1.33056,4,Lucern
2187,1.54278,4,Lucern
2188,0.46222,4,Lucern
2190,1.52354,4,Vineyard
2191,2.34397,4,Vineyard
2192,1.30508,4,Vineyard
2193,3.45782,4,Vineyard
2194,3.83562,4,Vacant
2195,1.86241,4,Vineyard
2196,6.29452,4,Maize
2197,2.69703,4,Lucern
2198,2.98036,4,Maize
2200,0.542425,4,Maize
2201,16.8094,4,Vacant
2203,1.61632,2,Lucern
2204,4.35874,2,Lucern
2205,2.1301,2,Vineyard
2208,4.53357,2,Vacant
2209,3.89667,2,Vacant
2210,3.8082,2,Vacant
2213,1.38905,2,Vineyard
2214,0.479219,2,Vineyard
2216,1.18309,1,Maize
2217,3.7345,1,Vineyard
2218,1.7911,1,Lucern
2220,1.03737,1,Lucern
2221,6.08085,1,Maize
2222,4.72698,1,Lucern
2223,6.44374,1,Grass
2226,1.54083,1,Vineyard
2227,1.09265,1,Vineyard
2228,1.41272,1,Vacant
2229,0.894833,1,Vineyard
2230,2.66197,1,Vineyard
2231,4.02389,1,Vineyard
2232,0.934607,1,Lucern
2233,1.2103,1,Vineyard
2235,1.08688,5,Lucern
2236,1.07129,5,Lucern
2238,2.15959,5,Vineyard
2240,1.95344,5,Vineyard
2241,1.32463,5,Vineyard
2242,2.69741,5,Lucern
2243,2.33637,5,Lucern
2245,1.80288,5,Lucern
2246,0.740203,5,Vineyard
2248,4.88509,5,Vineyard
2253,2.11895,5,Vineyard
2255,4.09962,5,Vineyard
2256,2.19873,5,Maize
2259,2.30242,5,Vineyard
2260,2.7302,5,Vineyard
2261,2.23412,5,Vineyard
2263,0.657069,5,Maize
2264,0.183631,5,Lucern
2266,19.3421,2,Lucern
2267,2.086,2,Maize
2268,1.71915,6,Lucern
2271,0.5385,6,Lucern
2274,1.2794,6,Lucern
2276,2.31988,6,Lucern
2277,0.209891,6,Lucern
2278,1.02793,6,Lucern
2281,0.898173,6,Vineyard
2283,4.63408,6,Lucern
2285,4.37164,6,Cotton
2286,1.64774,6,Lucern
2287,4.69117,6,Lucern
2288,2.89192,6,Vineyard
2289,3.93284,6,Vineyard
2292,2.70053,6,Cotton
2293,3.30394,6,Cotton
2294,0.740936,6,Vineyard
2295,5.77966,6,Vineyard
2296,4.36044,6,Vineyard
2297,1.73298,6,Cotton
2298,2.13457,6,Cotton
2299,0.79678,6,Vineyard
2301,0.843186,6,Cotton
2302,1.714,6,Cotton
2303,2.46422,6,Vacant
2306,8.14987,6,Vacant
2307,1.98007,6,Vacant
2308,0.457522,6,Vineyard
2310,0.131805,6,Vineyard
2311,0.0286053,6,Dates
2312,0.156933,6,Vineyard
2313,0.0680375,6,Vineyard
2314,0.0224113,6,Dates
2315,3.87839,6,Vineyard
2319,7.11885,6,Maize
2320,2.1546,6,Vineyard
2321,4.24901,6,Vineyard
2322,1.40508,6,Vineyard
2324,0.708419,6,Lucern
2327,1.1062,6,Maize
2329,1.98455,6,Maize
2330,0.403238,6,Maize
2333,0.124031,6,Lucern
2334,0.227493,6,Lucern
2335,0.266604,6,Vineyard
2336,5.79229,6,Maize
2337,1.61891,6,Vineyard
2338,0.952566,6,Vineyard
2339,0.895146,6,Maize
2342,0.66797,6,Maize
2344,1.54347,6,Maize
2345,0.271694,6,Maize
2346,0.552172,6,Maize
2347,4.99343,6,Maize
2348,4.71537,6,Maize
2350,1.3071,6,Maize
2351,0.683338,6,Vineyard
2352,1.02793,6,Vineyard
2356,0.671617,6,Maize
2357,2.48366,3,Vineyard
2358,1.15565,3,Vineyard
2359,0.795277,3,Vineyard
2360,2.29931,3,Lucern
2361,4.30003,3,Vacant
2363,3.999,3,Lucern
2365,0.883172,3,Vacant
2366,0.465182,3,Vineyard
2368,0.738182,3,Vineyard
2370,2.45122,3,Lucern
2371,1.48315,3,Vacant
2372,0.994452,3,Maize
2373,4.49513,3,Maize
2376,4.08653,6,Vineyard
2377,3.84186,6,Vineyard
2379,2.50729,6,Vineyard
2380,2.6912,6,Cotton
2381,5.40786,6,Lucern
2383,1.6599,6,Lucern
2384,3.8757,6,Lucern
2386,2.61329,6,Lucern
2387,2.50266,6,Lucern
2390,3.82864,6,Lucern
2391,3.26971,6,Vineyard
2393,3.05186,6,Vineyard
2394,2.27977,6,Lucern
2397,1.08393,3,Lucern
2399,2.64985,3,Lucern
2400,4.38177,3,Lucern
2402,1.78221,3,Vacant
2403,1.42651,3,Grass
2404,3.87401,3,Grass
2405,1.01636,3,Grass
2407,4.62289,3,Vineyard
2408,2.90542,3,Grass
2410,0.810008,3,Maize
2411,0.714305,3,Lucern
2413,0.853787,3,Lucern
2416,0.665434,3,Vineyard
2418,3.29801,3,Maize
2419,0.740131,3,Lucern
2422,2.20545,3,Vacant
2423,3.06352,3,Maize
2425,1.44422,3,Lucern
2426,1.99405,3,Vacant
2427,4.17432,3,Lucern
2430,1.9983,3,Maize
2431,4.30925,3,Vineyard
2432,2.07676,3,Cotton
2434,1.37529,3,Vacant
2435,2.60338,3,Cotton
2438,4.64338,3,Cotton
2440,3.10824,3,Cotton
2443,3.19591,3,Lucern
2444,3.81573,3,Cotton
2447,2.99955,3,Vineyard
2450,2.07514,3,Lucern
2451,1.06187,3,Lucern
2452,2.48126,3,Lucern
2454,0.926479,3,Vacant
2455,1.84038,6,Vineyard
2457,1.43678,6,Vineyard
2459,5.64402,6,Lucern
2460,8.56813,6,Vineyard
2461,7.19391,6,Cotton
2463,1.62522,6,"Vineyard & Pecan (""Intercrop"")"
2466,3.46351,6,Vineyard
2467,2.59451,6,Lucern
2468,5.63323,6,Lucern
2469,1.75972,6,"Vineyard & Pecan (""Intercrop"")"
2470,5.23591,6,"Vineyard & Pecan (""Intercrop"")"
2471,6.09121,6,Lucern
2473,2.87748,6,Vineyard
2474,5.99773,6,Lucern
2475,0.765406,6,Vineyard
2476,1.14963,6,Vineyard
2477,1.20424,3,Lucern
2478,3.55875,3,Vacant
2479,0.607114,6,Vineyard
2480,1.48064,6,Vineyard
2481,2.2762,6,Vineyard
2483,0.169488,6,Vineyard
2484,0.215317,6,Vineyard
2487,4.47082,6,Cotton
2488,1.92827,6,Vacant
2489,4.37957,6,Vacant
2491,8.8002,6,Lucern
2492,1.37051,6,Lucern
2493,7.29002,6,Maize
2494,5.61458,6,Cotton
2495,2.86011,6,Cotton
2496,0.768255,6,Lucern
2497,2.54975,6,Cotton
2499,3.95438,6,Lucern
2500,2.19946,6,Cotton
2502,1.57878,6,Cotton
2503,1.55622,6,Vacant
2504,3.00642,6,Cotton
2505,3.81123,6,Cotton
2506,8.89974,6,Cotton
2507,7.47739,6,Cotton
2509,6.42854,6,Lucern
2510,6.09193,6,Lucern
2511,1.83358,6,Vineyard
2512,1.48519,6,Vineyard
2514,3.30968,2,Lucern
2517,2.81072,6,Cotton
2518,0.278495,6,Vineyard
2519,3.07133,6,Vineyard
2520,0.279035,6,Vineyard
2522,0.139866,6,Dates
2523,2.4711,6,Vineyard
2524,4.38551,6,Vineyard
2526,0.0949909,5,Vineyard
2532,5.72827,0,Vineyard
2533,1.96204,0,Vineyard
2546,1.84171,7,Vineyard
2547,6.67066,7,Vineyard
2548,0.710575,7,Vineyard
2550,0.950985,7,Maize
2553,1.34393,6,"Vineyard & Pecan (""Intercrop"")"
2554,1.2029,6,Maize
2556,0.888977,6,Maize
2558,4.33883,6,Maize
2560,1.56133,6,Vineyard
2563,3.64511,6,Maize
2564,1.33386,6,Vineyard
2565,6.02282,6,Vineyard
2567,3.01568,6,Vineyard
2568,4.22883,6,Vineyard
2569,3.8592,6,Vineyard
2571,0.776296,6,Vineyard
2572,7.18591,6,Vineyard
2573,2.75455,6,Vineyard
2574,2.86594,6,Vineyard
2575,4.65394,6,Vineyard
2576,3.67729,6,Vineyard
2577,2.8601,6,Vineyard
2578,2.19012,6,Vineyard
2579,5.4494,6,Lucern
2580,3.95156,6,Lucern
2581,1.62792,6,Lucern
2583,2.25799,6,Lucern
2585,5.75182,6,Lucern
2586,1.62929,6,Lucern
2588,1.73638,6,Vineyard
2590,1.71666,6,Vineyard
2591,2.28263,6,Vineyard
2592,0.850645,6,Vineyard
2593,2.0469,6,Vineyard
2594,1.10852,6,"Vineyard & Pecan (""Intercrop"")"
2596,2.53807,6,"Vineyard & Pecan (""Intercrop"")"
2597,0.757287,6,Vineyard
2598,1.90753,6,Vacant
2601,0.465658,6,Vineyard
2603,3.47896,6,Vineyard
2604,1.4216,6,Lucern
2607,1.14373,6,Vineyard
2608,2.9713,6,Lucern
2609,2.73547,6,Lucern
2611,0.944548,6,Vineyard
2613,5.92779,3,Vacant
2614,0.758171,1,Lucern
2615,6.55713,1,Vacant
2616,0.143829,1,Vineyard
2617,0.310547,1,Vineyard
2618,1.60265,1,Vineyard
2619,2.28997,1,Vineyard
2620,1.21463,1,Lucern
2622,0.746861,1,Lucern
2624,3.02925,3,Maize
2625,2.52263,3,Maize
2626,0.980884,1,Maize
2627,0.824654,1,Maize
2628,6.3402,1,Vineyard
2629,12.6714,1,Maize
2630,7.40798,1,Vacant
2631,15.7143,1,Lucern
2632,1.13274,1,Maize
2633,1.09163,1,Maize
2635,3.72548,1,Maize
2636,1.99637,1,Vineyard
2637,1.19993,1,Vineyard
2639,1.94535,1,Vineyard
2640,2.14683,1,Vineyard
2641,0.852831,1,Vineyard
2642,1.86711,1,Vineyard
2643,0.544416,1,Vacant
2645,0.882058,3,Maize
2652,0.611882,3,Maize
2653,2.52325,3,Maize
2654,2.55981,3,"Vineyard & Pecan (""Intercrop"")"
2655,1.35184,3,Vineyard
2656,0.950313,3,Vineyard
2657,0.824306,3,Vineyard
2658,5.61958,1,Vacant
2659,1.76565,1,Vacant
2661,9.09968,3,Vineyard
2662,1.0724,1,Vacant
2666,0.433515,1,Lucern
2667,0.654191,1,Grass
2668,1.56098,1,Vineyard
2669,0.806713,1,Vacant
2670,1.99617,1,Vacant
2672,3.9535,1,Vacant
2676,0.874911,4,Lucern
2677,1.98504,4,Vineyard
2678,1.8715,4,Vineyard
2679,2.82772,4,"Vineyard & Pecan (""Intercrop"")"
2683,2.4745,4,Lucern
2684,0.0379999,4,Vineyard
2685,0.0827169,4,Vineyard
2686,2.17547,4,"Vineyard & Pecan (""Intercrop"")"
2689,1.26779,4,Lucern
2690,0.503375,4,Vineyard
2691,2.17385,4,Lucern
2692,1.72668,4,Lucern
2697,3.34805,1,Lucern
2700,5.41532,3,Pecan
2701,5.61024,3,Cotton
2702,6.17982,3,Lucern
2703,2.50082,3,Lucern
2704,1.17599,3,Vineyard
2705,2.72667,3,Vineyard
2708,2.96803,3,Vacant
2709,2.87379,3,Vacant
2711,2.20648,3,Cotton
2712,4.87364,3,Cotton
2713,2.0644,3,Cotton
2714,0.689082,3,Cotton
2716,0.290147,3,Cotton
2717,0.137132,3,Cotton
2718,0.476086,3,Cotton
2719,1.58886,3,Cotton
2720,2.83159,3,Cotton
2721,0.381175,3,Cotton
2723,4.0382,3,Cotton
2724,4.01933,3,Vacant
2728,0.922003,3,Vineyard
2729,0.43135,3,Vineyard
2731,0.951969,3,Vineyard
2736,1.43809,3,Vineyard
2738,0.806924,3,Vineyard
2742,0.576906,3,Lucern
2743,0.193108,3,Vacant
2744,2.92676,5,Vacant
2745,1.30372,5,Vineyard
2746,1.02323,5,Vineyard
2747,1.82921,5,Lucern
2748,4.60294,5,Maize
2751,4.68201,5,Maize
2752,2.61069,5,Maize
2753,2.64929,5,Maize
2754,3.03681,5,Maize
2755,2.47013,5,Maize
2756,1.52031,5,Vacant
2757,3.71654,5,Maize
2758,1.13036,5,Maize
2759,1.02911,5,Maize
2760,2.61752,5,Maize
2761,2.55296,5,Maize
2762,2.87484,5,Maize
2763,2.89566,5,Vineyard
2764,3.99157,5,Vineyard
2765,0.654029,5,Vacant
2766,0.347138,5,Lucern
2767,1.78813,5,Vacant
2768,4.03585,5,Vineyard
2769,1.73136,5,Maize
2770,2.08197,5,Maize
2771,1.34582,5,Vineyard
2772,2.58752,5,Maize
2773,2.53594,5,Vineyard
2776,1.50919,5,Vineyard
2778,2.86766,5,Lucern
2779,2.41786,5,Vacant
2782,1.45057,5,Vacant
2784,1.25387,5,Vineyard
2785,1.51313,5,Vineyard
2786,4.3258,5,Vacant
2787,2.70513,5,Vineyard
2789,8.98848,5,Maize
2790,13.7165,5,Maize
2792,2.21819,2,Lucern
2793,2.24118,2,Vineyard
2794,0.989446,2,Vineyard
2798,2.27254,2,Maize
2799,3.19284,2,Lucern
2800,0.230469,2,Vacant
2801,0.501287,2,Vacant
2802,3.47874,2,Lucern
2803,2.61427,2,Lucern
2806,3.85068,2,Vineyard
2808,2.58131,2,Lucern
2809,2.72788,2,Maize
2810,2.90306,2,Maize
2811,2.95917,2,Maize
2812,2.53107,2,Maize
2813,0.437954,2,Lucern
2814,2.45943,2,Vineyard
2817,0.657748,2,Vineyard
2819,1.38573,3,Vineyard
2820,3.21496,3,Vineyard
2821,2.8719,3,Vineyard
2822,2.98498,3,Vineyard
2823,0.177549,3,Vineyard
2824,1.82457,3,Vineyard
2825,3.48094,3,Lucern
2827,0.923482,3,Vineyard
2828,2.5835,3,Lucern
2829,1.55063,3,Vineyard
2831,0.122714,3,Maize
2832,1.56575,3,Maize
2833,2.62678,3,Vineyard
2834,2.6053,3,Vineyard
2835,3.34164,3,Maize
2837,2.21404,3,Lucern
2838,4.17315,3,Vineyard
2839,1.27201,3,Lucern
2841,1.17262,3,Vineyard
2842,1.23508,3,Vineyard
2843,1.27695,3,Maize
2845,3.41995,3,Lucern
2846,2.34476,3,Lucern
2847,2.8962,3,Lucern
2848,1.3877,3,Maize
2851,1.39148,3,Vineyard
2852,1.79345,0,Vineyard
2855,3.1522,2,Lucern
2856,0.324756,2,Vineyard
2857,1.96262,2,Vineyard
2858,5.13186,2,Maize
2859,2.41201,2,Lucern
2860,0.525461,2,Vineyard
2862,3.38186,2,Vineyard
2863,2.28693,2,Vineyard
2864,3.50027,2,Lucern
2865,3.64674,2,Vineyard
2869,2.88151,2,Vineyard
2871,0.34164,2,Vineyard
2873,0.153234,2,Vineyard
2875,1.4827,2,Vineyard
2876,0.245031,2,Vineyard
2877,2.24378,2,Lucern
2879,1.98182,2,Vacant
2880,1.01512,3,Lucern
2881,0.563292,3,Vacant
2883,1.15508,3,Maize
2887,0.620225,3,Lucern
2888,1.50602,3,Maize
2890,0.801641,3,Maize
2892,1.91951,3,Maize
2893,0.599379,3,Vineyard
2894,4.75529,3,"Vineyard & Pecan (""Intercrop"")"
2895,1.15846,3,"Vineyard & Pecan (""Intercrop"")"
2896,0.756026,3,Lucern
2897,1.05901,3,Vineyard
2898,2.65521,3,Vineyard
2899,0.158009,3,Vineyard
2900,0.242426,3,Vineyard
2901,1.46237,3,Vineyard
2902,3.17541,3,Vineyard
2904,1.66413,1,Vineyard
2905,7.08985,1,Vineyard
2906,2.43009,1,Lucern
2909,5.41639,1,Vineyard
2910,1.68052,3,Vineyard
2911,0.21326,3,Lucern
2912,0.639138,3,Lucern
2914,0.419071,3,Vineyard
2916,5.50296,3,Lucern
2917,1.13923,3,Lucern
2918,2.89153,3,Lucern
2920,0.757289,3,Lucern
2921,1.39531,3,Lucern
2922,1.02985,3,Vacant
2923,0.404643,3,Vacant
2924,0.150701,3,Lucern
2925,2.55197,3,Vacant
2927,1.32529,3,Cotton
2929,1.22112,3,Lucern
2930,0.290323,3,Vineyard
2931,1.04568,3,Vineyard
2932,0.483357,3,Vineyard
2935,1.14397,3,Maize
2936,1.76572,3,Maize
2937,1.11042,3,Vineyard
2938,3.58912,3,Vineyard
2939,1.7266,3,Vineyard
2940,1.11934,3,Vacant
2941,3.03623,3,Vineyard
2942,2.58978,3,Cotton
2944,2.00115,3,Vineyard
2946,0.989947,3,Vineyard
2947,3.46134,3,Vineyard
2949,2.29805,3,Vineyard
2950,3.29471,3,Cotton
2951,0.484779,3,Vineyard
2952,0.337989,3,Vineyard
2954,2.88294,6,Vineyard
2957,1.60659,6,Vineyard
2958,3.44046,6,Vineyard
2961,2.48114,6,Vineyard
2962,3.07007,6,Vineyard
2963,2.99134,6,Vineyard
2965,2.16793,6,Maize
2967,2.98785,6,Vacant
2968,3.67649,6,Vacant
2969,3.49462,6,Vacant
2970,3.11658,6,Vacant
2971,2.83957,6,Lucern
2973,1.16751,6,Lucern
2974,2.05924,6,Lucern
2976,1.51615,6,Vacant
2977,0.84539,6,Lucern
2981,0.623605,6,Grass
2982,1.10316,6,Lucern
2983,1.26841,6,Vacant
2984,1.29399,6,Vacant
2985,1.00484,6,Cotton
2986,5.11606,6,Cotton
2987,2.29489,6,Cotton
2990,2.07853,6,Vineyard
2991,7.28684,6,Vacant
2992,10.5486,6,Vacant
2993,0.47415,6,Vacant
2994,3.18174,6,Vacant
2995,2.77452,6,Vacant
2996,1.34886,6,Vacant
2997,1.00189,6,Vacant
2998,3.17223,6,Lucern
2999,2.64945,6,Lucern
3000,2.16002,6,Cotton
3001,1.53078,6,Lucern
3002,2.90315,6,Lucern
3004,4.41397,6,Vineyard
3006,0.546873,6,Maize
3007,0.337165,6,Lucern
3008,1.03514,6,Maize
3009,0.889223,6,Cotton
3010,2.10863,6,Maize
3013,0.666146,6,Lucern
3014,0.282941,6,Lucern
3015,1.63939,6,Lucern
3016,0.409996,6,Cotton
3017,1.26677,6,Vineyard
3018,2.55956,6,Cotton
3019,1.39511,6,Cotton
3020,1.36207,6,Vineyard
3021,3.84337,6,Vineyard
3022,1.68297,6,Vineyard
3023,3.02363,6,Cotton
3024,3.19979,6,Cotton
3025,2.62513,6,Cotton
3027,0.456283,6,Vineyard
3028,0.288818,6,Vacant
3029,1.33875,6,Grass
3033,1.20267,6,Vineyard
3035,1.23692,6,Maize
3036,3.73822,6,Lucern
3037,3.38267,6,Lucern
3038,3.91262,6,Vineyard
3040,2.5481,6,Lucern
3041,10.605,6,Lucern
3042,1.29314,6,Vineyard
3043,1.2497,6,Vineyard
3044,0.782739,6,Vineyard
3045,0.642126,6,Vineyard
3046,0.220641,6,Vineyard
3047,0.0404277,6,Vineyard
3048,0.354528,6,Vineyard
3049,1.62603,6,Vineyard
3050,1.24519,6,Vineyard
3052,1.63453,6,Lucern
3053,2.98822,6,Lucern
3054,1.79833,6,Lucern
3055,3.32427,6,Vineyard
3056,3.57684,6,Vineyard
3057,1.22965,6,Vineyard
3058,3.28401,6,Vacant
3059,2.79731,6,Vacant
3060,0.228019,6,Vineyard
3062,0.0924551,6,Vineyard
3063,0.193223,6,Vineyard
3064,1.58598,6,Vineyard
3065,1.6934,6,Lucern
3066,1.663,6,Lucern
3067,1.40834,6,Vacant
3068,0.965864,6,Vineyard
3070,0.423775,6,Vineyard
3071,0.0564342,6,Vineyard
3073,0.138641,6,Cotton
3074,0.337643,6,Cotton
3075,0.265968,6,Vineyard
3076,0.281994,6,Vineyard
3077,0.911751,6,Vineyard
3078,2.03482,6,Vineyard
3083,0.829175,6,Vineyard
3084,0.950566,6,Vineyard
3085,3.14895,6,Lucern
3086,4.33362,6,Lucern
3087,2.10335,6,Vacant
3088,2.22276,6,Cotton
3089,2.70107,6,Vineyard
3090,5.40598,6,Vineyard
3091,5.36424,6,Vineyard
3094,1.86099,6,Vineyard
3095,1.16225,6,Vineyard
3099,7.58926,2,Vineyard
3100,6.19788,2,Lucern
3101,2.80126,2,Lucern
3102,1.96695,2,Lucern
3103,2.21609,2,Lucern
3105,2.05948,2,Maize
3107,3.70284,4,Vineyard
3108,5.82432,4,Vineyard
3109,0.589838,4,Lucern
3110,0.362773,4,Lucern
3111,0.567481,4,Lucern
3112,3.21527,4,Lucern
3113,2.74536,4,Lucern
3114,3.79321,4,Vineyard
3116,0.617824,4,Vineyard
3120,0.738286,3,Vineyard
3121,1.91256,3,Vineyard
3122,1.10487,3,Lucern
3123,0.413216,3,Lucern
3125,1.14845,3,Vacant
3126,3.99522,7,Lucern
3127,4.33685,7,Maize
3128,2.06707,7,Maize
3129,2.31705,7,Maize
3130,1.4755,7,Maize
3133,3.44555,7,Lucern
3134,7.10855,7,Vineyard
3135,8.73261,7,Vineyard
3136,1.80795,7,Maize
3137,4.03062,7,Maize
3138,1.7149,7,Maize
3140,1.58271,7,Lucern
3141,5.86695,7,Maize
3142,3.34794,7,Vacant
3143,2.16875,7,Maize
3144,1.92552,7,Maize
3145,2.69259,7,Vineyard
3146,0.704807,7,Lucern
3147,1.62036,7,Vineyard
3148,3.07039,7,Vineyard
3149,2.81538,7,Lucern
3150,1.83265,7,Vineyard
3151,1.42959,7,Lucern
3152,1.67616,7,Lucern
3154,3.67346,3,Vacant
3155,0.929616,3,Lucern
3156,0.608463,3,Lucern
3157,2.76277,3,Vineyard
3158,1.63197,3,Lucern
3159,4.97342,3,Vineyard
3160,1.40349,3,Lucern
3161,0.91754,3,Vineyard
3162,4.72282,3,Vineyard
3164,2.39373,3,Vineyard
3165,0.500872,3,Vineyard
3167,1.8405,3,Vineyard
3169,1.4085,3,Vineyard
3170,1.63123,3,Vineyard
3171,1.72678,3,Vineyard
3172,0.963362,6,Lucern
3174,1.81959,6,Vineyard
3175,1.99993,6,Vineyard
3176,1.83395,6,Vineyard
3177,1.09168,6,Vineyard
3178,3.85597,6,Vineyard
3179,1.91045,6,Vineyard
3182,7.11928,6,Vineyard
3184,0.59493,6,Lucern
3185,2.15951,6,Vineyard
3186,2.85329,6,Vineyard
3187,0.910984,6,Vineyard
3188,1.10652,6,Vineyard
3189,1.56008,6,Vineyard
3190,0.441018,6,Vineyard
3191,1.04475,6,Vineyard
3193,4.48258,6,Vacant
3195,0.173846,6,Cotton
3196,0.533277,6,Cotton
3197,0.479082,6,Lucern
3198,0.860592,6,Lucern
3199,0.218531,6,Vineyard
3200,0.189969,6,Vineyard
3202,0.373362,6,Vineyard
3203,0.595283,6,Vacant
3205,1.19806,6,Vineyard
3206,3.20698,6,Lucern
3207,3.47869,6,Lucern
3209,0.851907,6,Vineyard
3210,0.418792,6,Vineyard
3211,0.360541,6,Vineyard
3212,0.688656,6,Lucern
3213,0.698681,6,Lucern
3214,0.761941,6,Vineyard
3215,1.39392,6,Vacant
3218,2.92914,3,Maize
3220,3.60358,3,Maize
3221,1.48594,3,Maize
3223,1.09217,3,Maize
3224,0.762776,3,Maize
3225,0.995242,3,Maize
3227,1.6301,3,Maize
3229,0.571462,3,Vineyard
3230,1.25565,3,Vineyard
3231,0.788512,3,Vineyard
3232,0.569048,3,Vineyard
3234,1.34456,3,Vacant
3235,2.20693,3,Vacant
3236,1.26097,3,Vacant
3237,11.1392,3,Vacant
3238,3.56282,3,Grass
3239,2.76487,3,Vineyard
3241,3.64296,3,Grass
3242,3.19268,3,Lucern
3243,2.33219,3,Vacant
3244,2.03598,3,Vineyard
3245,2.43183,3,Vineyard
3247,0.565466,3,Vineyard
3248,1.43812,3,Lucern
3249,3.19744,3,Lucern
3253,3.18545,3,Maize
3256,1.38448,3,Lucern
3257,1.34717,3,Vineyard
3258,0.665924,3,Vineyard
3259,0.239531,3,Vineyard
3260,2.76989,3,Vineyard
3261,1.4151,3,Vineyard
3262,5.46919,3,Vineyard
3264,3.0846,3,Lucern
3265,3.27212,3,Maize
3267,1.96457,3,Vineyard
3268,4.74617,3,Lucern
3272,0.376312,3,Vineyard
3273,0.533988,1,Vineyard
3274,7.8436,7,Vineyard
3276,3.21052,7,Vacant
3277,5.74886,7,Vacant
3278,6.11239,7,Vacant
3280,5.40072,7,Vacant
3281,18.3849,7,Vacant
3282,1.30028,7,Vineyard
3283,2.12326,7,Vacant
3284,1.43219,7,Vacant
3286,2.86806,7,Vineyard
3288,8.95686,6,Cotton
3289,0.657663,6,Lucern
3291,1.40966,6,Lucern
3292,5.26213,6,Maize
3293,1.50024,6,Maize
3295,1.73672,6,Maize
3297,0.76982,6,Maize
3299,2.79703,6,Vineyard
3300,3.89125,6,Vacant
3301,4.22611,6,Vacant
3302,1.09037,6,Vineyard
3305,2.36501,5,Vineyard
3306,3.33778,5,Vineyard
3307,2.91507,5,Vineyard
3308,0.789685,6,Vineyard
3309,0.921339,5,Vineyard
3310,1.31284,5,Vineyard
3311,2.11924,5,Vineyard
3313,1.02945,5,Vacant
3314,8.95371,5,Vineyard
3316,0.157793,5,"Vineyard & Pecan (""Intercrop"")"
3317,0.462715,5,Vineyard
3318,1.83665,5,Vacant
3319,1.31078,5,Vacant
3321,0.768237,5,Vineyard
3323,1.78794,5,Vineyard
3324,1.531,5,Vineyard
3325,1.97347,5,Vineyard
3326,1.60712,5,Vacant
3329,1.79701,5,Vineyard
3333,2.2772,5,Vineyard
3335,3.02995,5,Vacant
3336,0.554504,5,Vineyard
3338,0.535042,5,Vacant
3340,0.804657,4,Vineyard
3342,0.803714,4,Vineyard
3343,0.565699,4,Lucern
3345,1.45003,4,Lucern
3346,2.5403,4,Vineyard
3347,0.996144,4,Vineyard
3348,1.18372,4,Lucern
3349,2.21703,4,Vineyard
3351,7.76668,5,Vineyard
3353,1.52454,5,Maize
3355,2.76352,5,Maize
3356,0.631627,5,Maize
3357,1.63623,5,Maize
3358,2.81126,5,Maize
3359,4.0854,5,Maize
3360,4.29216,5,Maize
3361,3.91195,5,Maize
3362,1.65854,5,Maize
3363,2.01882,5,Maize
3364,3.85158,5,Vineyard
3365,2.43314,5,Vineyard
3366,1.72494,5,Vineyard
3367,2.09271,5,Vineyard
3369,4.09777,5,Vineyard
3371,3.81681,5,Vineyard
3372,8.31433,5,Vineyard
3373,3.59318,5,Vineyard
3375,1.8293,5,Vineyard
3376,4.54851,5,Vineyard
3379,4.43424,5,Vineyard
3382,0.631806,2,Vineyard
3383,3.97294,2,Vineyard
3385,1.41937,2,Lucern
3387,2.11963,2,Lucern
3388,1.2447,2,Maize
3389,1.47329,2,Lucern
3390,1.29942,2,Lucern
3391,1.9892,2,Lucern
3393,7.39182,2,Lucern
3394,2.64234,2,Lucern
3395,2.91967,2,Lucern
3396,2.16711,2,Lucern
3402,2.77701,3,Pecan
3403,4.27254,3,Pecan
3405,1.55663,3,Pecan
3407,0.890712,3,Pecan
3408,1.20052,3,Pecan
3412,2.10369,3,Pecan
3416,6.63317,1,Pecan
3417,12.8175,1,Pecan
3419,11.0622,3,Pecan
3420,4.47459,3,Pecan
3421,5.38493,3,Pecan
3423,6.30076,1,Pecan
3424,5.7251,1,Pecan
3425,5.9736,1,Pecan
3426,4.01062,1,Pecan
3428,7.00066,3,Pecan
3429,0.900876,3,Pecan
3430,1.13374,3,Pecan
3432,2.59851,1,Pecan
3433,1.78719,3,Pecan
3434,2.67864,3,Pecan
3436,2.32669,3,Pecan
3438,7.53938,1,Pecan
3440,1.43553,3,Pecan
3441,1.89692,3,Pecan
3442,3.40487,3,Pecan
3444,4.7236,4,Pecan
3445,2.023,5,Pecan
3446,8.23637,2,Pecan
3447,3.67554,2,Pecan
3448,1.5434,5,Pecan
3449,0.425336,5,Pecan
3450,1.93904,5,Pecan
3451,0.616065,5,Pecan
3452,10.5334,5,Pecan
3453,1.11985,5,Pecan
3455,3.42474,2,Pecan
3456,1.1986,2,Pecan
3457,1.20527,2,Pecan
3458,2.37795,4,Pecan
3459,0.954805,4,Pecan
3461,2.67667,4,Pecan
3462,1.2765,4,Pecan
3464,2.16086,5,Pecan
3465,1.45856,5,Pecan
3466,1.98587,5,Pecan
3467,0.894531,5,Pecan
3468,3.69056,5,Pecan
3469,3.99508,5,Pecan
3470,3.92077,5,Pecan
3473,3.15816,6,Pecan
3474,2.67997,6,Pecan
3476,1.68494,5,Pecan
3477,2.55221,5,Pecan
3478,2.31183,5,Pecan
3479,1.305,5,Pecan
3480,0.669298,5,Pecan
3481,0.273783,5,Pecan
3487,3.81611,5,Pecan
3488,5.1723,5,Pecan
3489,1.41395,1,Pecan
3491,2.07462,1,Pecan
3492,0.374847,1,Pecan
3493,1.48215,1,Pecan
3494,4.4212,1,Pecan
3495,2.83566,3,Pecan
3496,2.48997,3,Pecan
3497,1.4242,3,Pecan
3498,3.16214,1,Pecan
3499,2.64992,1,Pecan
3501,0.416052,3,Pecan
3502,35.9046,3,Pecan
3503,52.7231,3,Pecan
3504,0.435762,4,Pecan
3505,0.826405,4,Pecan
3506,0.311111,4,Pecan
3507,3.21716,4,Pecan
3509,1.27745,2,Pecan
3513,1.77832,2,Pecan
3515,5.36702,1,Pecan
3517,4.7271,4,Pecan
3518,2.09261,4,Pecan
3520,4.99667,4,Pecan
3521,5.9444,2,Pecan
3526,1.23801,5,Pecan
3527,1.61091,5,Pecan
3529,1.97755,5,Pecan
3531,2.99608,5,Pecan
3535,5.62962,2,Pecan
3537,4.55203,2,Pecan
3538,2.63127,2,Pecan
3539,0.807909,2,Pecan
3540,1.75114,4,Pecan
3542,1.21579,4,Pecan
3543,0.819035,4,Pecan
3544,2.65979,4,Pecan
3545,2.85511,4,Pecan
3546,2.23669,4,Pecan
3547,2.71457,5,Pecan
3548,3.27021,3,Pecan
3549,1.35413,3,Pecan
3552,3.29061,4,Pecan
3554,2.51961,4,Pecan
3555,1.41863,4,Pecan
3556,1.00786,4,Pecan
3557,3.3815,4,Pecan
3559,0.833545,4,Pecan
3561,4.9753,3,Pecan
3562,0.677247,3,Pecan
3563,7.08386,1,Pecan
3564,7.81072,3,Pecan
3565,12.1049,3,Pecan
3566,3.40783,3,Pecan
3567,1.69834,3,Pecan
3568,1.99141,3,Pecan
3570,1.77804,3,Pecan
3571,5.6546,3,Pecan
3572,2.24057,3,Pecan
3573,1.65979,3,Pecan
3574,1.59053,5,Pecan
3575,2.88465,6,Pecan
3576,1.75241,0,Pecan
3577,8.51451,0,Pecan
3578,2.91175,6,Pecan
3580,0.680934,6,Pecan
3581,1.47866,3,Pecan
3582,0.766534,3,Pecan
3583,0.13117,3,Pecan
3585,25.197,3,Pecan
3586,1.38806,3,Pecan
3587,1.2948,3,Pecan
3589,0.407308,3,Pecan
3590,1.1812,3,Pecan
3591,1.50796,3,Pecan
3592,1.24974,3,Pecan
3593,0.305973,3,Pecan
3594,0.198049,3,Pecan
3596,9.91648,7,Pecan
3597,1.94837,7,Pecan
3598,4.66092,7,Pecan
3599,4.82975,7,Pecan
3600,7.54383,7,Pecan
3602,5.14485,6,Pecan
3603,0.774865,3,Pecan
